Row Number (For Sorting),Title,Alt Title,Author,Year,City,City Cleaned,Country,Database,Record Number,Data Entry Event,Coordinates
93,אהל יצחק : ... על דיני שחיטות ובדיקות / Ohel Yitsḥaḳ : ... ʿal dine sheḥiṭot u-vediḳot,,"Yitsḥaḳ, Baʻal ha-meḥaber Sefer Ohel Yitsḥaḳ.;  Daṿid Shelomoh, di-ḳ.ḳ. Soroḳo; Jacob ben Judah Weil; Joseph ben Meir Teomim; Alexander Sender Shor, of Zólkiew; Ephraim Zalman ben Menahem Mannes Margolioth",1819,Lvov,Lvov,,WorldCat,1084312461,WorldCat Export V3,"49.839683, 24.029717"
51,שחיטות ובדיקות," ... עם הגהות והחדושים שליקט ואסף ... רבי צבי בר יצחק ז""ל ...","ווייל, יעקב בן יהודה",1723,[פראנקפורט דמיין],Frankfurt,,BHB,130991,BHB Export,"50.1109221, 8.6821267"
59,שחיטות ובדיקות," ... עם הגהות וחדושים שליקט ואסף הר""ר צבי בר יצחק ז""ל ...","ווייל, יעקב בן יהודה",1745,אמשטרדם,Amsterdam,,BHB,130998,BHB Export,"52.3702157, 4.8951679"
106,Sefer Zevaḥ Shemuʼel : ʻim ha-gahot derishat ha-zeʼev.,,"Samuel ben Moses, of Lissa.; Jacob ben Judah Weil; Shemuʼel Zeʼev ben Daṿid.",1822,Dyhrenfurth,Brzeg Dolny,,WorldCat,84732595,WorldCat Export V3,"51.272827, 16.708557"
110,"שחיטות : ... עם הגהות : [בדיקות ... עם הגהות ... עם דיני ניקור הבשר לרש""י ... והגהות מבעלת העטור]. Sheḥiṭot : ... ʻim hagahot : [Bediḳot ... ʻim hagahot ... ʻim Dine niḳur ha-baśar le-Rashi ... ṿe-hagahot mi-baʻal ha-ʻIṭur].",,Jacob ben Judah Weil;  Isaac ben Abba Mari,1563,Mantovah,Mantua,,WorldCat,500365013,WorldCat Export V3,"45.1564168, 10.7913751"
209,Shehitot,Shehitot (with glosses of the Mantua ...),"Weil, Jacob b. Judah",1563,Mantua ,Mantua,,BHB,130958,Summer Cataloguing,"45.1564168, 10.7913751"
210,Bedikot,Bedikot (with shortened Badika forms and instructions from Rashi),"Weil, Jacob b. Judah",1563,Mantua ,Mantua,,BHB,130931,Summer Cataloguing,"45.1564168, 10.7913751"
34,שחיטות ובדיקות," של ... ר' יעקב ווייל זצ""ל. עם הגהות והחדושים שליקט ואסף הר""ר צבי בר יצחק[!] ז""ל, ממה שבא לידו ... בק""ק קראקא.","ווייל, יעקב בן יהודה",1681,פראג,Prague,,BHB,318680,BHB Export,"50.075538, 14.4378"
64,שחיטות ובדיקות," ... עם ... פירוש ... באר אברהם אשר חפר ... ר' אברהם בן ... ר' פנחס לאווסיץ. חתן המנוח כהרר פייס אפטיקר ז""ל מק""ק אמשטרדם. וניתוסף בו כל הציורים וצורות הריאה והשאלות ותשובות ...","ווייל, יעקב בן יהודה",1762,אמשטרדם,Amsterdam,,BHB,131001,BHB Export,"52.3702157, 4.8951679"
74,שחיטות ובדיקות," ... עם ... פירוש אהל ישראל אשר ... חבר ... ר' ישראל זלה""ה שהיה אב""ד בק""ק קאפינהאגין ... נדפס... במצות והוצאות הר""ר איציק בהר""ר אהרן זעליג, זעצר ודרוקר מפ""פ דאדר.","ווייל, יעקב בן יהודה",1790,"  פ""פ [פראנקפורט] דאדר",Frankfurt,,BHB,131013,BHB Export,"50.1109221, 8.6821267"
166,‏שחיטות ובדיקות של הרב יעקב ווייל /‏ Sheḥiṭot u-vediḳot shel ha-Rav Yaʻaḳov Ṿayil,,"‏ווייל, יעקב. Jacob ben Judah Weil; S Mielziner",1824,Vien,Vienna,,WorldCat,61282759,WorldCat Export V3,"48.208174, 16.373819"
172,ספר שחיטות / Sefer Sheḥiṭot,,Jacob ben Judah Weil,1839,Lemberg,Lvov,,WorldCat,122713348,WorldCat Export V3,"49.839683, 24.029717"
185,ספר בדיקות / Sefer bediḳot,,Jacob ben Judah Weil,1839,Lemberg,Lvov,,WorldCat,122871220,WorldCat Export V3,"49.839683, 24.029717"
130,"בדיקות : עם הגהות וסדר הבדיקה בדרך קצרה עם דיני ניקור הבשר לרש״י זצ""ל והגהות מבעל העטור זצל / Bediḳot : ʿim hagahot ṿe-seder ha-bediḳah be-derekh ḳetsarah ʿim dine niḳur ha-baśar le-Rashi zatsal ṿe-hagahot mi-Baʿal ha-ʿiṭur zatsal",,Jacob ben Judah Weil;  Rashi;  Isaac ben Abba Mari,1556,Mantovah,Mantua,,WorldCat,1019127403,WorldCat Export V3,"45.1564168, 10.7913751"
205,Shehitot ,Shehitot ,"Weil, Jacob b. Judah",1556,Mantua ,Mantua,,BHB,130957,Summer Cataloguing,"45.1564168, 10.7913751"
8,שחיטות ובדיקות," ... עם ההגהות וביאורים של ... ר' שלמה לוריא זצ""ל ... במצות ... ר' דוד בן ... הקדוש הח""ר יוסף זלה""ה איש טיפליץ ממדינת פיהם ...","ווייל, יעקב בן יהודה",1601,ויניציאה,Venice,,BHB,130968,BHB Export,"45.4408474, 12.3155151"
162,Sheḥiṭot (bediḳot) : ṿe-ha-hagahot ... [ʻim din niḳor ha-baśar le-Rashi].,,Jacob ben Judah Weil;  Rashi,1609,Basle,Basel,,WorldCat,85090498,WorldCat Export V3,"47.559599, 7.588576"
225,Shehitot ,,"Weil, Jacob b. Judah",1609,Basel,Basel,,BHB,301990,Summer Cataloguing,"47.559599, 7.588576"
140,Sheḥiṭot,,Yaʿaḳov Ben-Yehudah Ṿail;,1640,Prag,Prague,,WorldCat,778428243,WorldCat Export V3,"50.075538, 14.4378"
236,Shehitot ,"עם הגהות יפות... [מתורגם ליידיש על ידי] ר’ משה י""ץ נקרא ר’ משה שוחט ובודק... קק""ק [בקהילה קדושה קראקא]. ובהורמנה דמלכא להביא לבית הדפוס.","Weil, Jacob b. Judah",1640,Prague,Prague,,BHB,301991,Summer Cataloguing,"50.075538, 14.4378"
28,שחיטות ובדיקות," של... ר' יעקב ווייל זצ""ל. עם הגהות והחידושים שליקט... ר' צבי בר יצחק ז""ל.","ווייל, יעקב בן יהודה",1673,פראג,Prague,,BHB,334679,BHB Export,"50.075538, 14.4378"
41,שחיטות ובדיקות," של ... מוהר""י ז""ל עם הגהות מוהר""ץ ז""ל ועם הגהות חדשות מקרוב באו מה של[י]קט וחיבר מוהרר יהודא ב' הרר יחזקאל ז""ל שוחט ובודק מק""ק אוסטרה ... ונקראו ... בית לחם יהודא ...","ווייל, יעקב בן יהודה",1693,זאלקווי,Zhovkva,,BHB,130982,BHB Export,"50.058876, 23.973647"
76,שחיטות ובדיקות," ... עם הגהות גבול בנימין אשר אסף וקבץ ... ה""רר בנימין וואלף בן ... כה""רר מאיר זצ""ל ווינטרניץ ...","ווייל, יעקב בן יהודה",1796,פראג,Prague,,BHB,131016,BHB Export,"50.075538, 14.4378"
82,שחיטות ובדיקות," ... עם הגהות והחדושים אשר ליקט ... ר' צבי בהרב ... ר' יצחק ... הנקרא ... מהר""ץ ...","ווייל, יעקב בן יהודה",1814,פולנאה,Polona,,BHB,131023,BHB Export,#N/A
115,"ספר זבחי שלמים : הלכות שחיטות ובדיקות, כלליהן ופרטיהן ... על סדר נאה ומתקבל / Sefer Zivḥe shelamim : hilkhot sheḥitot u-vediḳot, kelalehen u-feraṭehen ... ʻal seder naʼeh u-mitḳabel",,"בעק, יאקב בן חנוך, המאה ה־19/ה־18. Jakob Beck",1814,Polona'ah,Polona,,WorldCat,122868373,WorldCat Export V3,#N/A
120,זבח שמואל : על דיני והלכות שחיטות ובדיקות מהרי״ו. Zevaḥ Shemuʼel : ʻal dine ṿe-hilkhot sheḥiṭot u-vediḳot Mahariṿ.,,"Samuel ben Moses, of Lissa.; Jacob ben Judah Weil",1819,Vilna,Vilna,,WorldCat,1037596845,WorldCat Export V3,"54.687156, 25.279651"
161,הלכות שחיטות ובדיקות,,Y'akov ben Yehuda Weil;,1821,Mets,Metz,,WorldCat,872364010,WorldCat Export V3,"49.120277, 6.177778"
145,ספר אהל יצחק : על דיני שחיטות ובדיקות / Sefer Ohel Yitsḥaḳ : ʻal dine sheḥitot u-vediḳot,,Jacob ben Judah Weil,1838,Lemberg,Lvov,,WorldCat,145083064,WorldCat Export V3,"49.839683, 24.029717"
1,שחיטות ובדיקות.,שחברתי אני ... מרדכי בכור אברהם די טיוולי ...,"טיוולי, מרדכי בן אברהם",1541,קושטאנטינא.,Istanbul,,BHB,134458,BHB Export,"41.008238, 28.978359"
129,בדיקות : ... עם ההגהות ועם דיני ניקור הבשר לרש״י ... / Bediḳot.,,Jacob ben Judah Weil,1560,Mantovah,Mantua,,WorldCat,122852330,WorldCat Export V3,"45.1564168, 10.7913751"
3,שחיטות ובדיקות," ... עם ההגהות והחדושים שליקט ואסף הר""ר צבי י""ץ בר יצחק יעקב [באכטינש] ז""ל, ממה שבא לידו ובדק ונסה זה כמה שנים.","ווייל, יעקב בן יהודה",1577,קראקא,Krakow,,BHB,130965,BHB Export,"50.06465, 19.94498"
4,שחיטות ובדיקות," ... עם ההגהות והחדושים שליקט ואסף הר""ר צבי י""ץ בר יצחק יעקב ז""ל...","ווייל, יעקב בן יהודה",1580,קראקא,Krakow,,BHB,301992,BHB Export,"50.06465, 19.94498"
5,שחיטות ובדיקות," ... עם ההגהות והחדושים שליקט ואסף הר""ר צבי י""ץ בר יצחק יעקב ז""ל.","ווייל, יעקב בן יהודה",1584,קראקא,Krakow,,BHB,130966,BHB Export,"50.06465, 19.94498"
6,שחיטות ובדיקות," ... עם ההגהות והחדושים שליקט ואסף הר""ר צבי י""ץ בר יצחק יעקב ז""ל.","ווייל, יעקב בן יהודה",1598,קראקא,Krakow,,BHB,130967,BHB Export,"50.06465, 19.94498"
7,שחיטות ובדיקות," ... עם הגהות והחדושים שליקט ואסף הה""ר צבי י""ץ בר יצחק יעקב ז""ל","ווייל, יעקב בן יהודה",1601,בסליאה,Basel,,BHB,130969,BHB Export,"47.559599, 7.588576"
90,ספר לקוטי שושנים / Sefer Liḳuṭe shoshanim,,Daṿid ibn Hin; Jacob ben Ḥayyim Berab; Meir ben Isaac Arama; Obadiah ben Jacob Sforno; Isaac Gershon; Shemuʼel Almośnino; Joseph ben Abraham Gikatilla; Moses ben Jacob Cordovero; Jacob ben Judah Weil; Daniele Zanetti,1602,Vinitsi'ah,Venice,,WorldCat,959597486,WorldCat Export V3,"45.4408474, 12.3155151"
9,שחיטות ובדיקות," של הגאון מוהר""ר יעקב ווייל ז""ל. עם הגהות והחדושים שליקט ואסף הר""ר צבי בר יצחק יעקב ז""ל, ממה שבא לידו... והוגה... על פי... ר' משה איסרליש ז""ל. וגם מה שהוסי' הגאון תמצא.","ווייל, יעקב בן יהודה",1605,קראקא,Krakow,,BHB,333406,BHB Export,"50.06465, 19.94498"
222,Shehitot ,Shehitot and glossaries,"Weil, Jacob b. Judah",1605,Venice,Venice,,BHB,130960,Summer Cataloguing,"45.4408474, 12.3155151"
223,Bedikot,Bedikot and glossaries,"Weil, Jacob b. Judah",1605,Venice,Venice,,BHB,130932,Summer Cataloguing,"45.4408474, 12.3155151"
10,שחיטות ובדיקות," ... עם ההגהות וביאורים של ... שלמה לוריא זצ""ל ...","ווייל, יעקב בן יהודה",1606,ויניציאה,Venice,,BHB,130971,BHB Export,"45.4408474, 12.3155151"
12,בדיקות," של ... ר' יעקב ווייל ... עם הגהות והחדושי' שליקט ואסף הר""ר צבי בר יצחק יעקב ... והוגה אות באות על פי ... ר' משה איסורליש ז""ל...","ווייל, יעקב בן יהודה",1612,פראג,Prague,,BHB,323489,BHB Export,"50.075538, 14.4378"
94,ימין משה : ... והם הגהות על הש״ע מהלכות שחיטות ובדיקות וטריפות ... / Yemin Mosheh : ... ṿe-hem ḥagahot ʻal ha-Sh. ʻa. me-Hilkhot sheḥitot u-bediḳot u-ṭerefot ...,,Mosheh ben Yosef Ṿenṭurah; Moses ben Israel Isserles,1624,Mantubah,Mantua,,WorldCat,123019885,WorldCat Export V3,"45.1564168, 10.7913751"
117,זבח טוב Zevah tov.,,Liebermann b. Joseph.; Jacob ben Judah Weil,1628,Prag,Prague,,WorldCat,122984191,WorldCat Export V3,"50.075538, 14.4378"
13,שחיטות ובדיקות," ... גם הגהו' החדשים שליקט ואסף הר""ר צבי בר יצחק יעקב ז""ל ... והוגה אות באות על פי ... ר' משה איסרליס ז""ל. וגם מה שהוסיף הגאון [רמ""א] תמצא.","ווייל, יעקב בן יהודה",1631,קראקא,Krakow,,BHB,334777,BHB Export,"50.06465, 19.94498"
14,שחיטות ובדיקות," ... גם הגהות החדשו' שליקט ואסף הר""ר צבי בר יצחק יעקב ז""ל ... והוגה אות באות על פי ... ר' משה איסרליס ז""ל. וגם מה שהוסיף הגאון [רמ""א] תמצא.","ווייל, יעקב בן יהודה",1634,קראקא,Krakow,,BHB,130972,BHB Export,"50.06465, 19.94498"
15,שחיטות ובדיקות," ... גם הגהות החדשים שליקט ואסף הר""ר צבי בר יצחק יעקב ז""ל ... והוגה אות באות על פי ... ר' משה איסרליס ז""ל. וגם מה שהוסיף הגאון [רמ""א] תמצא...","ווייל, יעקב בן יהודה",1637,קראקא,Krakow,,BHB,333427,BHB Export,"50.06465, 19.94498"
16,שחיטות ובדיקות," של הגאון מהר""ר יעקב ווייל ז""ל, גם הגהות החדשים שליקט ואסף הר""ר צבי בר יצחק יעקב ז""ל, ממה שבא לידו... והוגה... על פי... ר' משה איסרלס ז""ל. וגם מה שהוסיף הגאון תמצא...","ווייל, יעקב בן יהודה",1645,קראקא,Krakow,,BHB,333411,BHB Export,"50.06465, 19.94498"
167,Zivḥe Ṭoviyah,,"Ṭoviyah Guṭman, mi-Lisa.; Jacob ben Judah Weil",1682,Amśṭerdam,Amsterdam,,WorldCat,63062525,WorldCat Export V3,"52.3702157, 4.8951679"
37,שחיטות ובדיקות.," ... עם הגהות והחדושים שליקט ואסף הר""ר צבי ז""ל בר יצחק יעקב ז""ל... והוגהו... ע""י... ר' משלם זלמן בן הר""ר אברהם ברך זצ""ל מק""ק גוריציאה ממגורשי וינא.","ווייל, יעקב בן יהודה",1685,אמשטרדם.,Amsterdam,,BHB,301997,BHB Export,"52.3702157, 4.8951679"
38,שחיטות ובדיקות," ... עם הגהות והחדושים שליקט ואסף הח""ר צבי בר יצחק ז""ל ...","ווייל, יעקב בן יהודה",1690,פרנקפורט דמיין,Frankfurt,,BHB,130980,BHB Export,"50.1109221, 8.6821267"
39,שחיטות ובדיקות," ... עם הגהות ישנים גם חדשים שלקט ואסף... ר' (קיים) קדיש (במהור""ר שלמה זלמן מלונטשץ) ר""מ ואב""ד דק""ק סמטיר מספרי פוסקים קדמאי ובתראי.","ווייל, יעקב בן יהודה",1691,פרנקפורט דאדרה,Frankfurt,,BHB,301998,BHB Export,"50.1109221, 8.6821267"
40,הלכות שחיטות ובדיקות," ... עם הגהות והחרושים[!] שליקט ואסף הר""ר צבי בר יצחק (יעקב) ז""ל...","ווייל, יעקב בן יהודה",1692,פראג,Prague,,BHB,301999,BHB Export,"50.075538, 14.4378"
97,ספר טוב רואי : פירוש על שחיטות ובדיקות / Sefer Ṭov roʼi : perush ʿal sheḥiṭot u-vediḳot,,"גרין הוט, דוד בן נתן, המאה ה־17. David ben Nathan Gruenhut; Jacob ben Judah Weil",1702,Frankfort,Frankfurt,,WorldCat,1062088429,WorldCat Export V3,"50.1109221, 8.6821267"
148,סדר שחיטות ובדיקות / Seder sheḥiṭot u-vediḳot,,"ווייל, יעקב בן יהודה, 1390-1453, מחבר. Jacob ben Judah Weil; Shelomoh b  Mosheh Ṿelḥ;  Aharon b  Daṿid, ha-Levi;  Uri ben Aaron, ha-Levi",1704,Zalḳaṿi,Zhovkva,,WorldCat,1130236375,WorldCat Export V3,"50.058876, 23.973647"
49,שחיטות ובדיקות," של הגאון ... יעקב ווייל ... עם הגהות והחדושים שליקט ואסף הר""ר צבי בר יצחק ...","ווייל, יעקב בן יהודה",1722,ברלין,Berlin,,BHB,130989,BHB Export,"52.520007, 13.404954"
52,שחיטות ובדיקות," ... עם הגהות גבול בנימין, אשר אסף וקבץ ... ר' בינימין וואלף ... ווינטרניץ ...","ווייל, יעקב בן יהודה",1723,פראג,Prague,,BHB,130990,BHB Export,"50.075538, 14.4378"
146,הלכות שחיטות ובדיקות עם פירוש ר׳ מאיר ב״ר יאקב ווראניקר מק״ק גלוגא. Hilkhot sheḥiṭot u-vediḳot ...,,Jacob ben Judah Weil; of Glogau Meir b  Jakob,1728,Zultsbakh,Sulzbach,,WorldCat,122713176,WorldCat Export V3,"49.833524, 7.336518"
60,שחיטות ובדיקות,של ... ר' יעקב ווייל ... עם הגהות והחדושים שליקט ויאסף [!] ... רבי צבי בר יצחק ...,"ווייל, יעקב בן יהודה",1746,[פיורדא],Furth,,BHB,323493,BHB Export,"49.477117, 10.988667"
61,שחיטות ובדיקות," ... עם הגהות גבול ישראל, אשר אסף וקבץ... ר' יעקב איילונבורג...","ווייל, יעקב בן יהודה",1749,אמשטרדם,Amsterdam,,BHB,302000,BHB Export,"52.3702157, 4.8951679"
62,שחיטות ובדיקות.," של ... מהר""י ווייל ... עם תוספת פירוש אהל ישראל, אשר ... חבר ... ר' ישראל זלה""ה שהי' אב""ד בק""ק קאפינהאגין ...","ווייל, יעקב בן יהודה",1751,זאלקווא.,Zhovkva,,BHB,323490,BHB Export,"50.058876, 23.973647"
63,שחיטות ובדיקות," ... עם ... פירוש ... אהל ישראל, אשר חיבר ... ישראל זצ""ל שהי' אב""ד בק""ק קאפינהאגן ... וכבר נדפס [וואנזיבעק תצ""ג] ... הדפסתי אותו מחדש בהסכמה ... מאדמ""ו ... ר' שואל [שאול לעווענשטאם] נר""ו אב""ד ור""מ דקהלתינו ...","ווייל, יעקב בן יהודה",1760,אמשטרדם,Amsterdam,,BHB,131000,BHB Export,"52.3702157, 4.8951679"
126,דיני שחיטות ובדיקות : של מהר״י ווייל : עמ תוספות פירוש אהל ישראל / Deni sheḥiṭot u-vediḳot : shel MaHaRI Ṿail : ʻim tosfot perush ohel Yiśraʼel,,"וײל, יעקב, active 15th century. Jacob ben Judah Weil;  Israel, of Copenhagen.",1762,Zholkva,Zhovkva,,WorldCat,122994160,WorldCat Export V3,"50.058876, 23.973647"
67,שחיטות ובדיקות.," ... עם הגהות מכתב אליהו, ה""ה ... ר' אליהו בהקדוש מוהר""ר מרדכי ז""ל שוחט ובודק ומוחזק דפה ק""ק זאלקווא יצ""ו, אשר אסף וקיבץ ... דינים והלכות פסוקות מהפוסקים ... ועיקר מספר ... שמלה חדשה ותבואות שור [מאת אלכסנדר סנדר ב""ר אפרים זלמן שור] ...","ווייל, יעקב בן יהודה",1767,זאלקווא.,Zhovkva,,BHB,131005,BHB Export,"50.058876, 23.973647"
68,שחיטות ובדיקות," ... עם ... פירוש אהל ישראל אשר ... חבר ... ר' ישראל זלה""ה שהיה אב""ד בק""ק קאפינהאגין ...","ווייל, יעקב בן יהודה",1768,פיורדא,Furth,,BHB,131006,BHB Export,"49.477117, 10.988667"
154,שחיטות ובדיקות : גבול בנימין \ Sheḥiṭot u-vediḳot : Gevul Binyamin,,"ווייל, יעקב בן יהודה, המאה ה־15. Jacob ben Judah Weil; Benjamin Wolf ben Meir Weinternitz; Vinograd Collection (University of Pennsylvania. Center for Judaic Studies)",1776,Prague,Prague,,WorldCat,63667867,WorldCat Export V3,"50.075538, 14.4378"
71,שחיטות ובדיקות," ... עם הגהות גבול בנימן, אשר אסף וקבץ... ר' בנימן וואלף בן הקדוש כהר""ר מאיר זצ""ל ווינטרניץ...","ווייל, יעקב בן יהודה",1777,פראג,Prague,,BHB,302001,BHB Export,"50.075538, 14.4378"
96,דיני שחיטות ובדיקות. Dine sheḥiṭot u-vediḳot.,,Yehudah Lev Aiger; Jewish Theological Seminary of America. Library.,1814,,,,WorldCat,828630314,WorldCat Export V3,#N/A
133,Sheḥiṭot u-vediḳot.,,"Moses, of Fürth.;  Jacob Moses, precentor and ne'eman of Mönchsroth.",1814,,,Germany,WorldCat,959580904,WorldCat Export V3,#N/A
177,‏זבחי שלמים :‏ ‏ ... הלכות שחיטות ובדיקות ... Zivḥe shelamim : ... hilkhot sheḥiṭot u-vediḳot ...,,,1816,Vienna,Vienna,,WorldCat,19194717,WorldCat Export V3,"48.208174, 16.373819"
277,Shehitot u-vedikot,Sh'hitoth uv;dikoth shel ha-rav,"Weil, Jacob b. Judah",1816,Wien,Vienna,,WorldCat,27311464,Summer Cataloguing,"48.208174, 16.373819"
125,Zivḥe shelamim : kolel hilkhot sheḥiṭot u-vediḳot,,Jakob Beck; I. Edward Kiev Judaica Collection.,1827,Wien,Vienna,,WorldCat,39527055,WorldCat Export V3,"48.208174, 16.373819"
180,Ohel Yitsḥaḳ : kolel dine sheḥiṭot u-vediḳot ʻal pi seder Yaʻaḳov Ṿayl : Leḳitat Yitsḥak ṿe-Zivḥe tamim ...,,"Yitsḥaḳ, Baʻal ha-mef̣aber Sefer Ohel Yitsḥaḳ.",1830,Sudilkov,Sudilkov,,WorldCat,19201519,WorldCat Export V3,"50.17319, 27.14619"
191,ספר זבחי רצון : כולל כל דיני שחיטות ובדיקות הראיה / Sefer Zivḥe ratson : kolel kol dine sheḥiṭot u-vediḳot ha-reʼiyah,,"פרענקעל, שרגא פייבש בן מתתיה, סגל. Sheraga Faibush ben M  Segal Frenḳel",1845,Kroṭoshin,Krotoshin,,WorldCat,122750869,WorldCat Export V3,"51.696528, 17.435943"
103,Ohel Yitsḥaḳ : kolel kol dine sheḥiṭot u-vediḳot ... : ṿe-saviv lo Leḳiṭat Yitsḥaḳ ṿe-Zivḥe tamim ...,,"Yitsḥaḳ, Baʻal ha-meḥaber Sefer Ohel Yitsḥaḳ.",1850,Bratislava,Bratislava,,WorldCat,38195204,WorldCat Export V3,"48.148598, 17.107746"
256,,Sefer Tevah ve-hakhen,"Karo, Joseph",1859,Leipzig,Leipzig,,BHB,162279,Summer Cataloguing,"51.339696, 12.373075"
202,Shehitot u-vedikot,Maskinan Deshechita min hatzoar,"Weil, Jacob b. Judah",1530,Prague ,Prague,,BHB,000201917,Summer Cataloguing,"50.075538, 14.4378"
203,Shehitot u-vedikot,"שאלות ותשובות ‬
         ‫  והלכות שחיטה ובדיקה וחידושי דינין אשר חבר","Weil, Jacob b. Judah",1549,Venice,Venice,,BHB,000301988,Summer Cataloguing,"45.4408474, 12.3155151"
204,Bedikot,Bedikot,"Weil, Jacob b. Judah",1551,Venice,Venice,,BHB,000309281,Summer Cataloguing,"45.4408474, 12.3155151"
183,בדיקות : עם ההגהות והחדושים שליקט ואסף צבי בר יצחק יעקב זל ... / Bediḳot : ʿim ha-hagahot ṿeha-ḥidushim she-liḳeṭ ṿe-asaf Tsevi b.r. yitsḥaḳ Yaʿaḳov zal ...,,"Jacob ben Judah Weil;  Yitsḥak ben Aharon, mi-Prosṭits",1556,Krako,Krakow,,WorldCat,1019128976,WorldCat Export V3,"50.06465, 19.94498"
2,שחיטות ובדיקות," ... (עם הגהות רבות ... אשר מעולם לא נדפסו). בהשתדלות להוציאם לאורה ע""י הר""ר יודא ב""ר ישראל שליט הנקרא ליב ...","ווייל, יעקב בן יהודה",1561,קאנסקי וואלי,Kansi Valley,,BHB,130964,BHB Export,#N/A
211,Bedikot,Bedikot,"Weil, Jacob b. Judah",1570,Mantua ,Mantua,,BHB,301984,Summer Cataloguing,"45.1564168, 10.7913751"
212,Shehitot,"Shehitot (with all of the glosses from Mantua, notated on)","Weil, Jacob b. Judah",1571,Mantua ,Mantua,,BHB,130959,Summer Cataloguing,"45.1564168, 10.7913751"
213,Shealot vteshuvot,Shealot vteshuvot,"Weil, Jacob b. Judah",1575,Kushta (Constantinople?),Istanbul,,BHB,301989,Summer Cataloguing,"41.008238, 28.978359"
151,"Shaʻare Dura Sefer ha-sheʻarim, She-ḥibber R. Yitsḥaḳ mi-Dwrʼ[aus Dueren]; ʻIm hagahot Mhrrʼaj [d.i. Yi'srael Isserlein]; ve-ni-tosaf ḥibbur Shelomo Ben Yeḥiel Loria: ʻAṭeret Shelomo; ([Nebst:] Yaʻaḳov Weil: Sheḥiṭot u-bediḳot [mit Komm. v.] Shelomo Loria)",,Yitsḥaḳ Dueren; Yisrael Isserlein; Shelomo Ben-Yeḥiel Loria; Yaʻaḳov Weil,1598,Lublin,Lublin,,WorldCat,253911813,WorldCat Export V3,"51.246454, 22.568446"
258,Shehitot u-vedikot,Sefer ha-She'arim,"Weil, Jacob b. Judah",1599,Lublin,Lublin,,BHB,136800,Summer Cataloguing,"51.246454, 22.568446"
122,גרושין : ומשאו ומתנו בחידושים ופשטים / Gerushin : u-maśaʼo u-matano be-ḥidushim u-feshaṭim,,"קורדובירו, משה בן יעקב, 1522־1570. Moses ben Jacob Cordovero; David Hin; Joseph Gikatilla; Jacob Weil",1600,Venice,Venice,,WorldCat,122830599,WorldCat Export V3,"45.4408474, 12.3155151"
220,Shehitot u-vedikot,Tikunei zevah,"Weil, Jacob b. Judah",1604,Prague,Prague,,BHB,130970,Summer Cataloguing,"50.075538, 14.4378"
227, סדר קצר לידע הלכות שחיטה,,"Weil, Jacob b. Judah",1609,Venice,Venice,,BHB,130961,Summer Cataloguing,"45.4408474, 12.3155151"
230,Shehitot ,Shehitot (with glossaries from Rabbis),"Weil, Jacob b. Judah",1613,Krakow,Krakow,,BHB,313429,Summer Cataloguing,"50.06465, 19.94498"
231,Hilchot Shehitot u-vedikot,With pretty glossaries(with shortened Shehitot vBadikot forms),"Weil, Jacob b. Judah",1625,Prague,Prague,,BHB,301986,Summer Cataloguing,"50.075538, 14.4378"
153,Zeh ha-pinḳas shel sheḥiṭot ;,,"Isaiah ben Eliakim, of Ancona",1635,Pessaro,Pessaro,,WorldCat,7032569,WorldCat Export V3,"43.912476, 12.915549"
238,Hilchot Shehitot u-vedikot,"... עם פירוש וחידושים ... שנתופסו [!] ע""י ... ר’ (יהודה) ליברמן שוחט וגם ... הלכות ניקר[!] וגם דיני מליחה בלשון אשכנזי ...","Weil, Jacob b. Judah",1646,Prague,Prague,,BHB,130973,Summer Cataloguing,"50.075538, 14.4378"
201,Sefer sheḥiṭot;,,Ben Zion Ghirondi,1647,Padua,Padua,,WorldCat,1243676279,WorldCat Export V3,"45.4167, 11.8667"
17,שחיטות ובדיקות," של הגאון מהר""ר יעקב ווייל ז""ל, גם הגהות החדשים שליקט ואסף הר""ר צבי בר יצחק יעקב ז""ל, ממה שבא לידו... הוגה... על פי... ר' משה איסרלס ז""ל. וגם מה שהוסיף הגאון תמצא...","ווייל, יעקב בן יהודה",1652,קראקא,Krakow,,BHB,333410,BHB Export,"50.06465, 19.94498"
18,שחיטות ובדיקות," ... גם הגהו' החדשי' שליקט ... ר' צבי בר יצחק יעקב ז""ל ... הוגה ... על פי ... ר' משה איסרליס ז""ל וגם מה שהוסיף.","ווייל, יעקב בן יהודה",1654,קראקא,Krakow,,BHB,130974,BHB Export,"50.06465, 19.94498"
19,שחיטות ובדיקות.," ... עם הגהות והחדושים שליקט... ר' צבי י""ץ בר יצחק יעקב... אנשיל אשר ב""ר דוד... מ""ס [מוכר ספרים] (איש אולסום) הביא עוד הפעם גם עתה השחיטות והבדיקות... בהרמנת האב""ד של האשכנזים מהרר""א [ר' אברהם] בן הח""ר יהושע... גם הוגהו... על ידי... רפאל בר יחיאל מיכל... מענגבורגא, כותב סת""ם באמשטרדם.","ווייל, יעקב בן יהודה",1655,אמשטרדם.,Amsterdam,,BHB,301994,BHB Export,"52.3702157, 4.8951679"
20,שחיטות ובדיקות," של הגאון מהר""ר יעקב ווייל ז""ל. גם הגהות החדשי' שליקט ואסף הר""ר צבי בר יצחק יעקב ז""ל, ממה שבא לידו... והוגה... על פי... ר' משה איסרליס ז""ל. וגם מה שהוסיף המומחה הר""ר תנחום שוחט ז""ל מק""ק לובלין.","ווייל, יעקב בן יהודה",1663,קראקא,Krakow,,BHB,333407,BHB Export,"50.06465, 19.94498"
21,שחיטות ובדיקות," אחרי שראיתי רבים שאינם יכולים להזהר בכל הדינים מפני שהם מרובים, אמרתי... להדפיס בכרך קטן, כדי שיוכל לשאת אתו... וגם נתוסף הג""ה רבים שחיברו גאונים הקדמונים...",אלכסנדר סנדר בן מרדכי מפראג,1667,אמשטרדם,Amsterdam,,BHB,333556,BHB Export,"52.3702157, 4.8951679"
22,שחיטות ובדיקות,Title                (עם הגהות) ...,"ווייל, יעקב בן יהודה",1668,אמשטרדם,Amsterdam,,BHB,130975,BHB Export,"52.3702157, 4.8951679"
23,שחיטות ובדיקות," ... עם הגהות ישנים גם חדשים שלקט ואסף... ר' (קיים) קדיש (במהור""ר שלמה זלמן מלונטשץ) ר""מ ואב""ד דק""ק סנטיר [צ""ל: סמטיר] מספרי פוסקים קדמאי ובתראי...","ווייל, יעקב בן יהודה",1669,לובלין,Lublin,,BHB,333385,BHB Export,"51.246454, 22.568446"
24,שחיטות ובדיקות," ... עם הגהות והחדושים שליקט ואסף הר""ר צבי בר יצחק (יעקב) ז""ל ...","ווייל, יעקב בן יהודה",1669,פראג,Prague,,BHB,130976,BHB Export,"50.075538, 14.4378"
25,שחיטות ובדיקות," ... עם הגהות ישנים גם חדשים שליקט ואיסף... ר' קדיש, ר""מ ואב""ד לע""ע בכל שכונת [?] מרק, מספרי פוסקים... גם מה ששמע מפי... ר' זלמן שהיה אב""ד בק""ק בריסק ומפי... ר' יצחק [ב""ר שמואל] סגל שחיבר השיח יצחק...","ווייל, יעקב בן יהודה",1670,[לובלין],Lublin,,BHB,333386,BHB Export,"51.246454, 22.568446"
26,שחיטות ובדיקות," של מה""ר יעקב וויל ז""ל... וחידושי דינים הרבה כפי מה שנמצאו בטור יורה דעה ובפוסקי' אחרונים... ויקראו בשם אהל יששכר, על שם המחבר... אשר... היה דיין בק""ק המבורג... ר' שמואל יששכר המכונה בער בן... ר' יהודה ליב מק""ק פראג, בן... ר' משה סופר זצ""ל","ווייל, יעקב בן יהודה",1670,פראג,Prague,,BHB,313428,BHB Export,"50.075538, 14.4378"
27,שחיטות ובדיקות," ... עם הגהות והחדושים שליקט ואסף הר""ר צבי בר יצחק (יעקב) ז""ל...","ווייל, יעקב בן יהודה",1672,פראג,Prague,,BHB,177799,BHB Export,"50.075538, 14.4378"
31,שחיטות ובדיקות," ... עם הגהות והחדושים שליקט ואסף הה""ר צבי בר יצחק ז""ל ...","ווייל, יעקב בן יהודה",1675,פרנקפורט דמיין,Frankfurt,,BHB,130978,BHB Export,"50.1109221, 8.6821267"
32,שחיטות ובדיקות," ... עם הגהות והחדושים שליקט ואסף הה""ר צבי בר יצחק ז""ל ...","ווייל, יעקב בן יהודה",1677,פרנקפורט דאדרה,Frankfurt,,BHB,333398,BHB Export,"50.1109221, 8.6821267"
190,Sheḥiṭot,,Jacob ben Judah Weil,1677,,,,WorldCat,1193961149,WorldCat Export V3,#N/A
260,Shehitot u-vedikot,Zivḥu zivḥe tsedeḳ : Sheḥiṭot u-vediḳot,"Weil, Jacob b. Judah",1677,Wilhemlsdorf,Wilhemlsdorf,,WorldCat,123020449,Summer Cataloguing,#N/A
33,שחיטות ובדיקות," ... עם הגהות והחדושים שליקט ואסף הר""ר צבי בר יצחק (יעקב) ז""ל...","ווייל, יעקב בן יהודה",1680,פראג,Prague,,BHB,301995,BHB Export,"50.075538, 14.4378"
241,Shehitot u-vedikot,With glosses and other notes...,"Weil, Jacob b. Judah",1684,Wilhemlsdorf,Wilhemlsdorf,,BHB,130979,Summer Cataloguing,#N/A
245,Halakhot Shehitah Bekitzur (in short),,Yehudah Leib Ben Itzhak Lipshitz,1691,Hamburg,Hamburg,,BHB,144699,Summer Cataloguing,"53.57916, 9.874556"
128,ʻOlat Yitsḥaḳ : hagahot ḥadashot ... ʻal sheḥiṭot u-vediḳot shel ... Yaʻaḳov Ṿayl.,,"Yitsḥaḳ, Baʻal ha-meḥaber Sefer Ohel Yitsḥaḳ.",1692,Frankfurt an der Oder,Frankfurt,,WorldCat,80870348,WorldCat Export V3,"50.1109221, 8.6821267"
42,שחיטות ובדיקות," אחרי שראיתי רבים שאינם יכולים להזהר בכל הדינים מפני שהם מרובים, אמרתי... להדפיס בכרך קטן, כדי שיוכל לשאת אתו...",אלכסנדר סנדר בן מרדכי מפראג,1695,דיהרן פארט,Brzeg Dolny,,BHB,333557,BHB Export,"51.272827, 16.708557"
101,וזאת ליהודא : שחיטות ובדיקות. Ṿe-zot li-Yehuda : sheḥiṭot u-vediḳot.,,"יהודה ליב בן יצחק, דק״ק איידליץ, המאה ה־17. Judah Loew ben Isaac Lipschitz",1698,Fyorda,Furth,,WorldCat,850137826,WorldCat Export V3,"49.477117, 10.988667"
248,Al Shehitot u-vedikot shel haGaon Mahariv ,,"Weil, Jacob b. Judah",1700,Prague,Prague,,BHB,131034,Summer Cataloguing,"50.075538, 14.4378"
139,‏זבחו זבחי צדק :‏ ‏שחיטות ובדיקות /‏ Zivḥu zivḥe tsedeḳ : Sheḥiṭot u-vediḳot,,"ווייל, יעקב בן יהודה, המאה ה-15, מחבר. Jacob ben Judah Weil;  Tsevi Hirsh ben Yitsḥaḳ Yaʿaḳov, of Kraków; Solomon ben Joseph Proops",1701,Amsterdam,Amsterdam,,WorldCat,1130591972,WorldCat Export V3,"52.3702157, 4.8951679"
43,שחיטות ובדיקות," ... עם הגהות והחדושים שליקט ואסף הה""ר צבי בר יצחק ז""ל ...","ווייל, יעקב בן יהודה",1702,אמשטרדם,Amsterdam,,BHB,130983,BHB Export,"52.3702157, 4.8951679"
44,שחיטות ובדיקות," של... ר' יעקב ווייל... עם הגהות והחדושים שליקט ואסף הר""ר צבי בר יצחק זצ""ל... הוגהו... על ידי שוחטים נאמנים וידועים ומומחים.","ווייל, יעקב בן יהודה",1705,דיהרן פארט,Brzeg Dolny,,BHB,313430,BHB Export,"51.272827, 16.708557"
249,Mahadura Batra al Shehitot u-vedikot shel,,"Weil, Jacob b. Judah",1705,Prague,Prague,,BHB,130984,Summer Cataloguing,"50.075538, 14.4378"
45,שחיטות ובדיקות," ... עם הגהות גבול בנימין אשר אסף ... ר' בנימין וואלף בן הקדוש כהר""ר מאיר זצ""ל ווינטרניץ, שוחט ובודק פה ק""ק פראג, שליקט וחיבר כל חידושי דינים והלכות פסוקות מהפוסקים ...","ווייל, יעקב בן יהודה",1707,פראג,Prague,,BHB,130985,BHB Export,"50.075538, 14.4378"
250,Shehitot u-vedikot shel...,,"Weil, Jacob b. Judah",1709,Prague,Prague,,BHB,130986,Summer Cataloguing,"50.075538, 14.4378"
46,שחיטות ובדיקות," ... עם הגהות והחדושים שליקט ואסף הח""ר צבי בר יצחק ז""ל ...","ווייל, יעקב בן יהודה",1712,[הענא?],Hanau,,BHB,130987,BHB Export,"50.126412, 8.92831"
195,שחיטות ובדיקות בקצרה / Sheḥiṭot u-vediḳot bi-ḳtsarah,,"ווייל, יעקב. Jacob ben Judah Weil; Avraham ben Moshe Yeḳutiʼel Ḳoyfman Kats.",1712,Franḳfurṭ de-Mayn,Frankfurt,,WorldCat,1166818300,WorldCat Export V3,"50.1109221, 8.6821267"
263,Shehitot u-vedikot bi-ktsarah,,"Weil, Jacob b Judah",1713,Frankfurt am Main,Frankfurt,,WorldCat,116818300,Summer Cataloguing,"50.1109221, 8.6821267"
47,שחיטות ובדיקות," של מהרי""ו [עיין להלן] והגהות מהרר""ץ [ר' צבי ב""ר יצחק יעקב] עם כל הפוסקים... אשר כבר נדפסו בק""ק לובלין... בשנת תמ""ה ...","שפירא, יעקב בן יצחק",1719,הענא,Hanau,,BHB,171400,BHB Export,"50.126412, 8.92831"
48,שחיטות ובדיקות," ... עם הגהות והחדושים שליקט ואסף ... רבי צבי בר יצחק ז""ל ...","ווייל, יעקב בן יהודה",1720,[פראנקפורט דמיין],Frankfurt,,BHB,130988,BHB Export,"50.1109221, 8.6821267"
50,שחיטות ובדיקות," ... עם הגהות והחדושים שליקט ואסף ... רבי צבי בר יצחק ז""ל ...","ווייל, יעקב בן יהודה",1723,[גרמניה],Germany,,BHB,130992,BHB Export,#N/A
53,שחיטות ובדיקות,עם פירוש עולת יצחק,"ווייל, יעקב בן יהודה",1727,פיורדא,Furth,,BHB,130993,BHB Export,"49.477117, 10.988667"
54,שחיטות ובדיקות," ... עם הגהות גבול ישראל, אשר אסף וקבץ ... ר' יעקב איילונבורג מק""ק קרקא, בעל המחבר ספר תולדות יעקב וספר ישרש יעקב על גפ""ת. וליקט וחיבר כל חידושי דינים ... מפוסקים ראשונים ואחרונים ...","ווייל, יעקב בן יהודה",1728,אמשטרדם,Amsterdam,,BHB,130997,BHB Export,"52.3702157, 4.8951679"
156,שחיטות ובדיקות : של הגאון מהר״י וייל : עמ תוספת פירוש אהל ישראל / Sheḥiṭot u-vediḳot : shel ha-gaʼon MaHaRI Ṿail : ʻim tosfot perush ohel Yiśraʼel,,"וײל, יעקב, בדפיצו 15פט דומפץעש. Jacob ben Judah Weil;  Israel, of Copenhagen.",1732,Ṿanzibeḳ,Vanzibek,,WorldCat,122771470,WorldCat Export V3,#N/A
55,שחיטות ובדיקות," ... עם ... פירוש אהל ישראל, אשר ... חבר ... ר' ישראל זלה""ה שהיה אב""ד בק""ק קאפינהאגין ...","ווייל, יעקב בן יהודה",1733,[גרמניה],Germany,,BHB,130996,BHB Export,#N/A
56,שחיטות ובדיקות," ... עם הגהות גבול בנימין אשר אסף וקבץ ... הר""ר בנימין וואלף ... ווינטרניץ ...","ווייל, יעקב בן יהודה",1733,פראג,Prague,,BHB,130995,BHB Export,"50.075538, 14.4378"
57,שחיטות ובדיקות," ... עם תוספת פירוש אהל ישראל אשר ... חבר ... ר' ישראל זלה""ה שהיה אב""ד בק""ק קאפינהאגין... והובא לבית הדפוס ע""י חתנו ... ר' אברהם בן כהר""ר משה גאשלר ז""ל, ש""ץ ונאמן בק""ק הנובר (המגיה ... הצעיר שבתלמידי הרב המנוח ... משה דוד המכונה טעבלי בא""א כהר""ר חיים קיטן שליט""א ... מק""ק","ווייל, יעקב בן יהודה",1733,קאפינהאגין,Copenhagen,,BHB,130994,BHB Export,#N/A
58,שחיטות ובדיקות," ... עם תוספות פירוש אהל ישראל אשר... חבר... ר' ישראל זלה""ה שהיה אב""ד בק""ק קאפינהאגין יע""א. והובא לבית הדפוס פעם ראשון... בשנת תצ""ג...","ווייל, יעקב בן יהודה",1742,פרנקפורט דאדרא,Frankfurt,,BHB,177801,BHB Export,"50.1109221, 8.6821267"
192,עבודת אהרן דיני שחיטות ובדיקות הריאה ע״פי פוסקים ראשונים ואחרונים. ʻAvodat Aharon : dine sheḥiṭot uve-diḳot ha-reʼah ʻal pi posḳim rishonim ṿe-aḥaronim.,,Aharon Mosheh ben Tsevi Hirsh.,1747,Furth,Furth,,WorldCat,47763184,WorldCat Export V3,"49.477117, 10.988667"
184,Sefer Shehitot. [Regulations for slaughtering.].,,Jacob Weil,1752,Venice,Venice,,WorldCat,78323161,WorldCat Export V3,"45.4408474, 12.3155151"
165,זבח שמואל : על דיני והלכות שחיטות ובדיקות / Zevaḥ Shemuʼel : ʻal dine ṿe-hilkhot sheḥiṭot u-vediḳot.,,"Samuel ben Moses, of Lissa.",1753,Frankfurt,Frankfurt,,WorldCat,122756952,WorldCat Export V3,"50.1109221, 8.6821267"
65,שחיטות ובדיקות,... עם הגהות גבול בנימין ...,"ווייל, יעקב בן יהודה",1763,פראג,Prague,,BHB,131004,BHB Export,"50.075538, 14.4378"
66,שחיטות ובדיקות," ... עם הגהות אמרי טוב אשר אסף וקיבץ ... ר' נתן בהמנוח מהור""ר יום טוב ליפמן ז""ל, שוחט ובודק דק""ק זאלקווא ... נין ונכד להגאון ... בעל תוספות יום טוב ... שליקט וחיבר כל חידושי דינים וגם הלכות פסוקות מהפוסקים ... וגם ... צורות הריאה ...","ווייל, יעקב בן יהודה",1763,זאלקווא,Zhovkva,,BHB,131003,BHB Export,"50.058876, 23.973647"
138,Sheḥitot u-vediḳot shel ... Y. Ṿayl ... ʻim ... perush Ohel Yiśraʼel,,Yaʻaḳov Ben-Yehudah Ṿail; Chajim ben Zebi Hirsch,1767,Furth,Furth,,WorldCat,552409251,WorldCat Export V3,"49.477117, 10.988667"
69,שחיטות ובדיקות," ... עם הגהות והחידושים שליקט ואסף הר""ר צבי בר יצחק זצ""ל ... גם ניתוסף חדושי דינים אליבא דהלכתא מט""ז וש""ך. גם ... היכי תמצא של ליקוטי דינים מספר עולת יצחק.","ווייל, יעקב בן יהודה",1770,זאלקווא,Zhovkva,,BHB,131009,BHB Export,"50.058876, 23.973647"
70,שחיטות ובדיקות," ... עם ... פירוש אהל ישראל אשר ... חבר ... ר' ישראל זלה""ה שהיה אב""ד בק""ק קאפינהאגין ... באותיות אמשטרדם.","ווייל, יעקב בן יהודה",1773,(פיורדא),Furth,,BHB,131010,BHB Export,"49.477117, 10.988667"
99,שאלות ותשובות בדיני שחיטות ובדיקות. Sheʼelot u-teshuvot : be-dine sheḥiṭot u-bediḳot.,,David ben Shelomoh Vital; Hebrew Manuscripts (Columbia University Libraries);,1778,,,France,WorldCat,462112587,WorldCat Export V3,#N/A
73,שחיטות ובדיקות," ... עם הגהות גבול בנימין אשר אסף וקבץ ... ר' בנימין וואלף בן ... כהר""ר מאיר זצ""ל ווינטרניץ ...","ווייל, יעקב בן יהודה",1784,פראג,Prague,,BHB,131012,BHB Export,"50.075538, 14.4378"
95,נחלת זבחי צבי : על שחיטות ובדיקות / Naḥalat zivḥe Tsevi : ʻal sheḥiṭot u-vediḳot,,מאיר צבי הירש בן פסח. Meʼir Tsevi Hirsh ben Pesaḥ.; Jacob ben Judah Weil,1784,Bamberg,Bamberg,,WorldCat,44745298,WorldCat Export V3,"49.890774, 10.882515"
113,נחלת זבחי צבי על שחיטות ובדיקות על שחיטות ובדיקות של ... ווייל Naḥalat zivḥe Tsevi ʻal sheḥiṭot u-vediḳot shel ... Y. Ṿeyl ...,,מאיר צבי הירש בן פסח Meʼir Tsevi Hirsh ben Pesaḥ,1784,Frankfurt am Main,Frankfurt,,WorldCat,174642068,WorldCat Export V3,"50.1109221, 8.6821267"
142,ספר זבחי שלמים : הלכות שחיטות ובדיקות ... \ Sefer Zivḥe shelamim : hilkhot sheḥiṭot u-vediḳot ...,,Yaʻaḳov ben Ḥanokh Bak; Yozef Ḳarl Nayman,1794,Brno,Brno,,WorldCat,502437187,WorldCat Export V3,"49.19506, 16.606837"
173,זבח שמואל : על דיני והלכות שחיטות ובדיקות מהגאון מהרי״ו. Zevaḥ Shemuʼel : ʻal dine ṿe-hilkhot sheḥiṭot u-vediḳot ...,,"Samuel ben Moses, of Lissa.; Jacob ben Judah Weil",1794,Dubno,Dubno,,WorldCat,122864290,WorldCat Export V3,"50.41694, 25.73432"
75,שחיטות ובדיקות," ... עם הגהות וחידושים שליקט ואסף הר""ר צבי בר יצחק זצ""ל ... גם נתוסף חדושי דינים אליבא דהלכתא מט""ז וש""ך. גם ... ה""ת [היכא תמצא] של ליקוטי דינים מספר עולת יצחק.","ווייל, יעקב בן יהודה",1795,לבוב,Lvov,,BHB,131014,BHB Export,"49.839683, 24.029717"
118,Sefer Gerushin : u-maśaʼo u-matano be-ḥidushim u-feshaṭim,,Moses ben Jacob Cordovero;  Daṿid ibn Hin; Joseph ben Abraham Gikatilla; Jacob ben Judah Weil,1795,Shḳloṿ,Shkloŭ,,WorldCat,54743540,WorldCat Export V3,"54.219041, 30.277746"
77,שחיטות ובדיקות," ... עם הגהות גבול בנימין אשר אסף וקבץ ... ר' בנימין וואלף בן ... כהר""ר מאי[ר] זצ""ל ווינטרניץ ...","ווייל, יעקב בן יהודה",1796,ווין,Wien,,BHB,131015,BHB Export,#N/A
116,ספר זבח שמואל : על דרכי והלכות שחיטות ובדיקות ... סדר ניקור ... של בעל העיטור ... / Sefer zevaḥ Shemuʼel : ʻal darkhe ṿe-hilkhot sheḥiṭot u-bediḳot ... seder niḳur ... shel ... paʻal ha-ʻiṭur ...,,"Samuel ben Moses, of Lissa.;  Bezalel ben Moses, ha-Kohen;  Isaac ben Abba Mari",1796,Noṿi Dṿohr,Grodno,,WorldCat,122751495,WorldCat Export V3,"53.6694, 23.8131"
176,ס׳ זבח שמואל : על דיני הלכות ש״וב מהגאון מהרי״ו. Sever Zevaḥ Shemuʼel : ʻal dine hilkhot Sh. u-v. ...,,"Samuel ben Moses, of Lissa.; Jacob ben Judah Weil",1796,Lemberg,Lvov,,WorldCat,122751854,WorldCat Export V3,"49.839683, 24.029717"
78,שחיטות ובדיקות,... עם הגהות גבול ישראל אשר אסף וקבץ ... ר' יעקב איילונבורג ... מפוסקים ראשונים ואחרונים ...,"ווייל, יעקב בן יהודה",1800,אמשטרדם,Amsterdam,,BHB,131017,BHB Export,"52.3702157, 4.8951679"
198,"שחיטות ובדיקות, בעברית וביידית. Sheḥiṭot u-vediḳot, be-ʻIvrit uve-Yidit.",,Jacob ben Judah Weil; Jewish Theological Seminary of America. Library.,1800,,,,WorldCat,825071902,WorldCat Export V3,#N/A
134,Ḳitsur Sheḥiṭot u-vediḳot la-ḥazor kol [30] yom.,,,1801,,,,WorldCat,959581422,WorldCat Export V3,#N/A
123,‏ספר ימין משה :‏ ‏אשר חיבר החכם השלם ... משה בן החכם יוסף וינטורה מטיבולי ... והם הגהות על השלחן ערוך מהלכות שחיטות ובדיקות וטריפות ... Sefer Yemin Mosheh : asher ḥiber he-ḥakham ha-shalem ... Mosheh ben he-ḥakham ... Yosef Ṿenṭurah mi-Tivoli ... ṿe-hem hagahot ʻal ha-shulḥan arukh me-hilkhot sheḥitot u-vediḳot u-ṭerefot ...,,Mosheh ben Yosef Ṿenṭurah; Moses ben Israel Isserles; Israel ben Moses Najara; David ben Solomon Vital,1803,,,Yemen,WorldCat,123076471,WorldCat Export V3,#N/A
188,Sefer shehitot u-bedikot [manuscript],,Hebrew Manuscripts (Columbia University. Libraries);,1804,Manuta,Mantua,Italy,WorldCat,1050594315,WorldCat Export V3,"45.1564168, 10.7913751"
79,שחיטות ובדיקות,... עם הגהות גבול ישראל אשר אסף וקבץ ... ר' יעקב איילונבורג ...,"ווייל, יעקב בן יהודה",1805,באסעל,Basel,,BHB,131021,BHB Export,"47.559599, 7.588576"
80,שחיטות ובדיקות,... עם הגהות גבול בנימין אשר אסף וקבץ... ר' בנימן וואלף... ווינטרניץ...,"ווייל, יעקב בן יהודה",1806,ווין,Wien,,BHB,302002,BHB Export,#N/A
168,לקוטי בנימן : שחיטות ובדיקות ... בקיצורי דינים / Liḳuṭe Binyamin : sheḥiṭot u-vediḳot ... be-ḳitsure dinim,,"פרנקפורט, בנימין בן צבי. Benjamin ben Tsebi Frankfurt; Jacob ben Judah Weil",1806,Linevil,Lunéville,,WorldCat,774706622,WorldCat Export V3,"48.592237, 6.492339"
114,לקוטי בנימין : שחיטות ובדיקות. Liḳuṭe Binyamin : sheḥiṭot u-vediḳot.,,Benjamin ben Tsebi Frankfurt,1807,Luneville,Lunéville,,WorldCat,1064871876,WorldCat Export V3,"48.592237, 6.492339"
81,שחיטות ובדיקות," ... עם הגהות גבול בנימין אשר אסף וקבץ ... הר""ר בנימן וואלף בן הקדוש כהר""ר מאיר זצ""ל ווינטרניץ ...","ווייל, יעקב בן יהודה",1810,ווין,Wien,,BHB,131022,BHB Export,#N/A
83,שחיטות ובדיקות," ... עם הגהות גבול בנימין אשר אסף וקבץ ... בנימן וואלף בן ... ר' מאיר זצ""ל ווינטרניץ ...","ווייל, יעקב בן יהודה",1816,ווין,Wien,,BHB,131024,BHB Export,#N/A
84,שחיטות ובדיקות," ... עם הגהות גבול בנימין, אשר אסף ... ר' בנימן וואלף בן ... ר' מאיר זצ""ל ווינטרניץ ... הוגה ונוסיף [!] בדינים ע""י ... מוה' עזריאל ברילל, דיין ומשגיח בק""ק פעסט ...","ווייל, יעקב בן יהודה",1820,אפען,Budapest,,BHB,131025,BHB Export,"47.49835, 19.04045"
85,שחיטות ובדיקות,... עם הגהות גבול ישראל אשר אסף וקבץ ... ר' יעקב איילונבורג ...,"ווייל, יעקב בן יהודה",1821,קארלסרוא,Karlsruhe ,,BHB,131028,BHB Export,"49.00689, 8.403653"
86,שחיטות ובדיקות," ... עם הגהות גבול בנימין אשר אסף וקבץ ... ר' בנימן וואלף בן ... ר' מאיר זצ""ל ווינטרניץ ...","ווייל, יעקב בן יהודה",1824,ווין,Wien,,BHB,131030,BHB Export,#N/A
92,‏קיצור אהל יצחק :‏ ‏על דיני שחיתות ובדיקות. Ḳitsur Ohel Yitsḥaḳ : ʻal dine sheḥitot u-vediḳot.,,"Yitsḥaḳ, Baʻal ha-meḥaber Sefer Ohel Yitsḥaḳ.",1826,Ofen,Budapest,,WorldCat,61248164,WorldCat Export V3,"47.49835, 19.04045"
150,ספר אהל יצחק : על דיני שחיטות ובדיקות. Sefer Ohel Yitsḥaḳ : ʻal dine sheḥiṭot u-vediḳot.,,"Yitsḥaḳ, Baʻal ha-meḥaber Sefer Ohel Yitsḥaḳ.",1827,Sudilkov,Sudilkov,,WorldCat,122752962,WorldCat Export V3,"50.17319, 27.14619"
87,שחיטות ובדיקות,... עם הגהות גבול ישראל אשר אסף וקבץ ... ר' יעקב איילונבורג ...,"ווייל, יעקב בן יהודה",1828,באסעל,Basel,,BHB,131031,BHB Export,"47.559599, 7.588576"
107,Sefer Ohel Yitsḥak : ... ʻal dine sheḥitot u-vediḳot ke-fi asher sider ... Yaʻaḳov Ṿeil,,"Yitsḥaḳ, Baʻal ha-meḥaber Sefer Ohel Yitsḥaḳ.",1830,Vilna,Vilna,,WorldCat,936657560,WorldCat Export V3,"54.687156, 25.279651"
124,Tsofnat paʻneaḥ : dine sheḥiṭot u-vediḳot ha-reʼah u-vediḳat ha-sakin ...,,Yosef ben Shelomoh Finkelstein,1834,Pesṭ,Budapest,,WorldCat,28765677,WorldCat Export V3,"47.49835, 19.04045"
170,שחיטות ובדיקות / Sheḥiṭot u-vediḳot,,"ווייל, יעקב בן יהודה, המאה ה־15. Jacob ben Judah Weil; Jacob ben Hayyim Eilenburg",1837,Karlsru,Karlsruhe ,,WorldCat,703674078,WorldCat Export V3,"49.00689, 8.403653"
136,ספר זבחי שלמים : כולל הלכות שחיטות ובדיקות ... Sefer Zivḥe shelamim : kolel hilkhot sheḥitot u-vediḳot ...,,Jakob Beck; Jacob ben Judah Weil,1839,Wien,Vienna,,WorldCat,778249599,WorldCat Export V3,"48.208174, 16.373819"
127,Lekitat Yitshak Sefer lekitat Yitshak al dine shehitat ofot (...) va-yusam lifnehem pesak halakha (...) lifne daat ha-Pri megadim ve-Simla hadasha ve-kede she-kol shohet be-khol et yukhal lehahzir ota (...).,,Jichak ben Eliezer of Munkács,1843,Löwy,Lowy,,WorldCat,1087610428,WorldCat Export V3,#N/A
141,Tsofnat Paʻneaḥ : dine sheḥiṭot u-vediḳot ha-reʼah u-vediḳot ha-sakin,,Yosef ben Shelomoh Finḳelshṭein,1844,Pest,Budapest,,WorldCat,35730511,WorldCat Export V3,"47.49835, 19.04045"
157,ספר צפנת פענח : דיני שחיטות ובדיקות הריאה ובדיקות הסכין / Sefer Tsafnat paʻneaḥ : dine sheḥiṭot u-vediḳot ha-reʼah u-vediḳot ha-sakin,,Yosef Finḳelshṭain,1845,Pest,Budapest,,WorldCat,500102531,WorldCat Export V3,"47.49835, 19.04045"
196,"ספר החיים : כשמו כן הוא נותנת עוז וממשלת חיים הנצחיים ... יורה הדרך אשר ילך בה האדם קודם שיחטא ולאחר שחטא, גם שאר הנהגת האדם ... בתורה ובעבודה ובגמילות חסדים / Sefer ha-ḥayim : keshemo khen hu notenet ʻoz u-memshelet ḥayim ḥanitsḥiyim ...",,Ḥayyim ben Bezalel,1847,Lemberg,Lvov,,WorldCat,122880453,WorldCat Export V3,"49.839683, 24.029717"
30,שחיטות ובדיקות," ... עם הגהות והחדושים שליקט ואסף הר""ר צבי בר' יצחק ז""ל ...","ווייל, יעקב בן יהודה",1674,ווילהרמרש דארף,,,BHB,130977,BHB Export,#N/A
287,Shehitot u-vedikot,Sheʼelot u-teshuvot ṿe-hilkhot sheḥiṭah u-vediḳah : ṿe-ḥidushe dinin,"Weil, Jacob b. Judah",1834,Kopys,,,WorldCat,1049745072,Summer Cataloguing,#N/A
100,"סקירה על הלכות שחיטה ובדיקה ביידית בצורת שאלות ותשובות. שחיטות ובדיקות / של מוהר""ר יעקב ווייל ; עם הגהות וחדושים שליקט הר""ר צבי בר יצחק. Seḳirah ʻal hilkhot sheḥiṭah u-vediḳah be-Yidit be-tsurat Sheʼelot u-teshuvot. Sheḥiṭot u-vediḳot",,Tsevi bar Yitsḥaḳ.; Jacob ben Judah Weil; Jewish Theological Seminary of America. Library.;,,,,,WorldCat,809562938,WorldCat Export V3,#N/A
105,ספר טוב רואי : הוא קצת פירוש על שחיטות ובדיקות הגאון ... יעקב ווייל ... ואחריו ספר מגדול דוד ... על פי סדר הפרשיות ... /,,"גרינהוט, דוד בן נתן, המאה ה-17 ;",,,,,WorldCat,754758166,WorldCat Export V3,#N/A
112,Ohel Yitsḥaḳ ha-shalem : ʻal dine sheḥiṭot u-vediḳot lefi daʻat P'M ...,,"Yitsḥaḳ, Baʻal ha-meḥaber Sefer Ohel Yitsḥaḳ.",,Varsha,Varsha,,WorldCat,39010153,WorldCat Export V3,#N/A
119,Miscellany of texts on ritual slaughtering,,,,,,,WorldCat,1006384616,WorldCat Export V3,#N/A
135,הלכות שחיטה Hilkhot sheḥiṭah.,,"Merad ben Yitsḥaḳ, ha-mevaḳer.; Shemuʼel.; Hebrew Manuscripts (Columbia University Libraries);",,,,,WorldCat,641241629,WorldCat Export V3,#N/A
144,שחיטות / Sheḥiṭot.,,"Jacob ben Judah Weil;  Tsevi Hirsh ben Yitsḥaḳ, mi-Ḳraḳo.",,,,,WorldCat,841505134,WorldCat Export V3,#N/A
149,סדר שחיטות : Seder sheḥiṭot,,Samuel ben Moses Zarfati;,,Venitsi'ah,Venice,,WorldCat,122811801,WorldCat Export V3,"45.4408474, 12.3155151"
160,"Bet ha-keneset ṿe-hilkhot sheḥiṭot u-veriḳot bi-leshon Ashkenaz : das ist, Kurtze Beschreibung einer Judischen Synagoge : nebst einem Anhang von Schächten und visitiren, aus dem Rabbinischen in Hochteutscher Sprache übergesetzet und heraus gegeben",,Moritz Wilhelm Christiani,,Bermen,Bermen,,WorldCat,43360963,WorldCat Export V3,"53.073635, 8.806422"
197,Sheḥiṭot u-vedîḳot.,,Samuel Issachar Eibenschütz; Yaʻaḳov Ben-Yehudah Ṿail;,,,,,WorldCat,713559144,WorldCat Export V3,#N/A